ID,Name,Description,Media_Type,Download_URL,Path_In_Zip
L025_s,L025/original.jpg,Scanned Atlas leaf L025 from ECAI,image/jpeg,atlas/L025/original.jpg,
L025_b,L025/back.jpg,Scanned Atlas leaf L025 legend from ECAI,image/jpeg,atlas/L025/back.jpg,
L001_s,L001/original.jpg,Scanned Atlas leaf L001 from ECAI,image/jpeg,atlas/L001/original.jpg,
L001_l,L001/legend.jpg,Scanned Atlas leaf L001 reverse side from ECAI,image/jpeg,atlas/L001/legend.jpg,
L001_b,L001/back.jpg,Scanned Atlas leaf L001 legend from ECAI,image/jpeg,atlas/L001/back.jpg,
L001_points,L001/original.jpg.points,Ground control points used to geo-reference the scan of L001 with QGIS,text/plain,atlas/L001/original.jpg.points,
L001_mapped_area,L001/mapped_area.geojson,Geo-referenced area of the scan.,application/geo+json,atlas/L001/mapped_area.geojson,
L001_geotiff,L001/epsg4326.tif,Geo-referenced scan of {} as GeoTIFF for EPSG:4326 - WGS 84,image/tiff,atlas/L001/epsg4326.tif,
L001_web,L001/web.jpg,GeoTIFF re-projected to web mercator and translated to JPEG,image/jpeg,atlas/L001/web.jpg,
L001_bounds,L001/bounds.geojson,Bounding box of the scan,application/geo+json,atlas/L001/bounds.geojson,
L002_s,L002/original.jpg,Scanned Atlas leaf L002 from ECAI,image/jpeg,atlas/L002/original.jpg,
L002_l,L002/legend.jpg,Scanned Atlas leaf L002 reverse side from ECAI,image/jpeg,atlas/L002/legend.jpg,
L002_b,L002/back.jpg,Scanned Atlas leaf L002 legend from ECAI,image/jpeg,atlas/L002/back.jpg,
L002_points,L002/original.jpg.points,Ground control points used to geo-reference the scan of L002 with QGIS,text/plain,atlas/L002/original.jpg.points,
L002_mapped_area,L002/mapped_area.geojson,Geo-referenced area of the scan.,application/geo+json,atlas/L002/mapped_area.geojson,
L002_geotiff,L002/epsg4326.tif,Geo-referenced scan of {} as GeoTIFF for EPSG:4326 - WGS 84,image/tiff,atlas/L002/epsg4326.tif,
L002_web,L002/web.jpg,GeoTIFF re-projected to web mercator and translated to JPEG,image/jpeg,atlas/L002/web.jpg,
L002_bounds,L002/bounds.geojson,Bounding box of the scan,application/geo+json,atlas/L002/bounds.geojson,
L003_s,L003/original.jpg,Scanned Atlas leaf L003 from ECAI,image/jpeg,atlas/L003/original.jpg,
L003_l,L003/legend.jpg,Scanned Atlas leaf L003 reverse side from ECAI,image/jpeg,atlas/L003/legend.jpg,
L003_b,L003/back.jpg,Scanned Atlas leaf L003 legend from ECAI,image/jpeg,atlas/L003/back.jpg,
L003_points,L003/original.jpg.points,Ground control points used to geo-reference the scan of L003 with QGIS,text/plain,atlas/L003/original.jpg.points,
L003_mapped_area,L003/mapped_area.geojson,Geo-referenced area of the scan.,application/geo+json,atlas/L003/mapped_area.geojson,
L003_geotiff,L003/epsg4326.tif,Geo-referenced scan of {} as GeoTIFF for EPSG:4326 - WGS 84,image/tiff,atlas/L003/epsg4326.tif,
L003_web,L003/web.jpg,GeoTIFF re-projected to web mercator and translated to JPEG,image/jpeg,atlas/L003/web.jpg,
L003_bounds,L003/bounds.geojson,Bounding box of the scan,application/geo+json,atlas/L003/bounds.geojson,
L004_s,L004/original.jpg,Scanned Atlas leaf L004 from ECAI,image/jpeg,atlas/L004/original.jpg,
L004_l,L004/legend.jpg,Scanned Atlas leaf L004 reverse side from ECAI,image/jpeg,atlas/L004/legend.jpg,
L004_b,L004/back.jpg,Scanned Atlas leaf L004 legend from ECAI,image/jpeg,atlas/L004/back.jpg,
L004_points,L004/original.jpg.points,Ground control points used to geo-reference the scan of L004 with QGIS,text/plain,atlas/L004/original.jpg.points,
L004_mapped_area,L004/mapped_area.geojson,Geo-referenced area of the scan.,application/geo+json,atlas/L004/mapped_area.geojson,
L004_geotiff,L004/epsg4326.tif,Geo-referenced scan of {} as GeoTIFF for EPSG:4326 - WGS 84,image/tiff,atlas/L004/epsg4326.tif,
L004_web,L004/web.jpg,GeoTIFF re-projected to web mercator and translated to JPEG,image/jpeg,atlas/L004/web.jpg,
L004_bounds,L004/bounds.geojson,Bounding box of the scan,application/geo+json,atlas/L004/bounds.geojson,
L005_s,L005/original.jpg,Scanned Atlas leaf L005 from ECAI,image/jpeg,atlas/L005/original.jpg,
L005_l,L005/legend.jpg,Scanned Atlas leaf L005 reverse side from ECAI,image/jpeg,atlas/L005/legend.jpg,
L005_b,L005/back.jpg,Scanned Atlas leaf L005 legend from ECAI,image/jpeg,atlas/L005/back.jpg,
L005_points,L005/original.jpg.points,Ground control points used to geo-reference the scan of L005 with QGIS,text/plain,atlas/L005/original.jpg.points,
L005_mapped_area,L005/mapped_area.geojson,Geo-referenced area of the scan.,application/geo+json,atlas/L005/mapped_area.geojson,
L005_geotiff,L005/epsg4326.tif,Geo-referenced scan of {} as GeoTIFF for EPSG:4326 - WGS 84,image/tiff,atlas/L005/epsg4326.tif,
L005_web,L005/web.jpg,GeoTIFF re-projected to web mercator and translated to JPEG,image/jpeg,atlas/L005/web.jpg,
L005_bounds,L005/bounds.geojson,Bounding box of the scan,application/geo+json,atlas/L005/bounds.geojson,
L006_s,L006/original.jpg,Scanned Atlas leaf L006 from ECAI,image/jpeg,atlas/L006/original.jpg,
L006_l,L006/legend.jpg,Scanned Atlas leaf L006 reverse side from ECAI,image/jpeg,atlas/L006/legend.jpg,
L006_b,L006/back.jpg,Scanned Atlas leaf L006 legend from ECAI,image/jpeg,atlas/L006/back.jpg,
L006_points,L006/original.jpg.points,Ground control points used to geo-reference the scan of L006 with QGIS,text/plain,atlas/L006/original.jpg.points,
L006_mapped_area,L006/mapped_area.geojson,Geo-referenced area of the scan.,application/geo+json,atlas/L006/mapped_area.geojson,
L006_geotiff,L006/epsg4326.tif,Geo-referenced scan of {} as GeoTIFF for EPSG:4326 - WGS 84,image/tiff,atlas/L006/epsg4326.tif,
L006_web,L006/web.jpg,GeoTIFF re-projected to web mercator and translated to JPEG,image/jpeg,atlas/L006/web.jpg,
L006_bounds,L006/bounds.geojson,Bounding box of the scan,application/geo+json,atlas/L006/bounds.geojson,
L007_s,L007/original.jpg,Scanned Atlas leaf L007 from ECAI,image/jpeg,atlas/L007/original.jpg,
L007_l,L007/legend.jpg,Scanned Atlas leaf L007 reverse side from ECAI,image/jpeg,atlas/L007/legend.jpg,
L007_b,L007/back.jpg,Scanned Atlas leaf L007 legend from ECAI,image/jpeg,atlas/L007/back.jpg,
L007_points,L007/original.jpg.points,Ground control points used to geo-reference the scan of L007 with QGIS,text/plain,atlas/L007/original.jpg.points,
L007_mapped_area,L007/mapped_area.geojson,Geo-referenced area of the scan.,application/geo+json,atlas/L007/mapped_area.geojson,
L007_geotiff,L007/epsg4326.tif,Geo-referenced scan of {} as GeoTIFF for EPSG:4326 - WGS 84,image/tiff,atlas/L007/epsg4326.tif,
L007_web,L007/web.jpg,GeoTIFF re-projected to web mercator and translated to JPEG,image/jpeg,atlas/L007/web.jpg,
L007_bounds,L007/bounds.geojson,Bounding box of the scan,application/geo+json,atlas/L007/bounds.geojson,
L008_s,L008/original.jpg,Scanned Atlas leaf L008 from ECAI,image/jpeg,atlas/L008/original.jpg,
L008_l,L008/legend.jpg,Scanned Atlas leaf L008 reverse side from ECAI,image/jpeg,atlas/L008/legend.jpg,
L008_b,L008/back.jpg,Scanned Atlas leaf L008 legend from ECAI,image/jpeg,atlas/L008/back.jpg,
L008_points,L008/original.jpg.points,Ground control points used to geo-reference the scan of L008 with QGIS,text/plain,atlas/L008/original.jpg.points,
L008_mapped_area,L008/mapped_area.geojson,Geo-referenced area of the scan.,application/geo+json,atlas/L008/mapped_area.geojson,
L008_geotiff,L008/epsg4326.tif,Geo-referenced scan of {} as GeoTIFF for EPSG:4326 - WGS 84,image/tiff,atlas/L008/epsg4326.tif,
L008_web,L008/web.jpg,GeoTIFF re-projected to web mercator and translated to JPEG,image/jpeg,atlas/L008/web.jpg,
L008_bounds,L008/bounds.geojson,Bounding box of the scan,application/geo+json,atlas/L008/bounds.geojson,
L009_s,L009/original.jpg,Scanned Atlas leaf L009 from ECAI,image/jpeg,atlas/L009/original.jpg,
L009_l,L009/legend.jpg,Scanned Atlas leaf L009 reverse side from ECAI,image/jpeg,atlas/L009/legend.jpg,
L009_b,L009/back.jpg,Scanned Atlas leaf L009 legend from ECAI,image/jpeg,atlas/L009/back.jpg,
L009_points,L009/original.jpg.points,Ground control points used to geo-reference the scan of L009 with QGIS,text/plain,atlas/L009/original.jpg.points,
L009_mapped_area,L009/mapped_area.geojson,Geo-referenced area of the scan.,application/geo+json,atlas/L009/mapped_area.geojson,
L009_geotiff,L009/epsg4326.tif,Geo-referenced scan of {} as GeoTIFF for EPSG:4326 - WGS 84,image/tiff,atlas/L009/epsg4326.tif,
L009_web,L009/web.jpg,GeoTIFF re-projected to web mercator and translated to JPEG,image/jpeg,atlas/L009/web.jpg,
L009_bounds,L009/bounds.geojson,Bounding box of the scan,application/geo+json,atlas/L009/bounds.geojson,
L010_s,L010/original.jpg,Scanned Atlas leaf L010 from ECAI,image/jpeg,atlas/L010/original.jpg,
L010_l,L010/legend.jpg,Scanned Atlas leaf L010 reverse side from ECAI,image/jpeg,atlas/L010/legend.jpg,
L010_b,L010/back.jpg,Scanned Atlas leaf L010 legend from ECAI,image/jpeg,atlas/L010/back.jpg,
L010_points,L010/original.jpg.points,Ground control points used to geo-reference the scan of L010 with QGIS,text/plain,atlas/L010/original.jpg.points,
L010_mapped_area,L010/mapped_area.geojson,Geo-referenced area of the scan.,application/geo+json,atlas/L010/mapped_area.geojson,
L010_geotiff,L010/epsg4326.tif,Geo-referenced scan of {} as GeoTIFF for EPSG:4326 - WGS 84,image/tiff,atlas/L010/epsg4326.tif,
L010_web,L010/web.jpg,GeoTIFF re-projected to web mercator and translated to JPEG,image/jpeg,atlas/L010/web.jpg,
L010_bounds,L010/bounds.geojson,Bounding box of the scan,application/geo+json,atlas/L010/bounds.geojson,
L011_s,L011/original.jpg,Scanned Atlas leaf L011 from ECAI,image/jpeg,atlas/L011/original.jpg,
L011_l,L011/legend.jpg,Scanned Atlas leaf L011 reverse side from ECAI,image/jpeg,atlas/L011/legend.jpg,
L011_b,L011/back.jpg,Scanned Atlas leaf L011 legend from ECAI,image/jpeg,atlas/L011/back.jpg,
L011_points,L011/original.jpg.points,Ground control points used to geo-reference the scan of L011 with QGIS,text/plain,atlas/L011/original.jpg.points,
L011_mapped_area,L011/mapped_area.geojson,Geo-referenced area of the scan.,application/geo+json,atlas/L011/mapped_area.geojson,
L011_geotiff,L011/epsg4326.tif,Geo-referenced scan of {} as GeoTIFF for EPSG:4326 - WGS 84,image/tiff,atlas/L011/epsg4326.tif,
L011_web,L011/web.jpg,GeoTIFF re-projected to web mercator and translated to JPEG,image/jpeg,atlas/L011/web.jpg,
L011_bounds,L011/bounds.geojson,Bounding box of the scan,application/geo+json,atlas/L011/bounds.geojson,
L012_s,L012/original.jpg,Scanned Atlas leaf L012 from ECAI,image/jpeg,atlas/L012/original.jpg,
L012_l,L012/legend.jpg,Scanned Atlas leaf L012 reverse side from ECAI,image/jpeg,atlas/L012/legend.jpg,
L012_b,L012/back.jpg,Scanned Atlas leaf L012 legend from ECAI,image/jpeg,atlas/L012/back.jpg,
L012_points,L012/original.jpg.points,Ground control points used to geo-reference the scan of L012 with QGIS,text/plain,atlas/L012/original.jpg.points,
L012_mapped_area,L012/mapped_area.geojson,Geo-referenced area of the scan.,application/geo+json,atlas/L012/mapped_area.geojson,
L012_geotiff,L012/epsg4326.tif,Geo-referenced scan of {} as GeoTIFF for EPSG:4326 - WGS 84,image/tiff,atlas/L012/epsg4326.tif,
L012_web,L012/web.jpg,GeoTIFF re-projected to web mercator and translated to JPEG,image/jpeg,atlas/L012/web.jpg,
L012_bounds,L012/bounds.geojson,Bounding box of the scan,application/geo+json,atlas/L012/bounds.geojson,
L013_s,L013/original.jpg,Scanned Atlas leaf L013 from ECAI,image/jpeg,atlas/L013/original.jpg,
L013_l,L013/legend.jpg,Scanned Atlas leaf L013 reverse side from ECAI,image/jpeg,atlas/L013/legend.jpg,
L013_b,L013/back.jpg,Scanned Atlas leaf L013 legend from ECAI,image/jpeg,atlas/L013/back.jpg,
L013_points,L013/original.jpg.points,Ground control points used to geo-reference the scan of L013 with QGIS,text/plain,atlas/L013/original.jpg.points,
L013_mapped_area,L013/mapped_area.geojson,Geo-referenced area of the scan.,application/geo+json,atlas/L013/mapped_area.geojson,
L013_geotiff,L013/epsg4326.tif,Geo-referenced scan of {} as GeoTIFF for EPSG:4326 - WGS 84,image/tiff,atlas/L013/epsg4326.tif,
L013_web,L013/web.jpg,GeoTIFF re-projected to web mercator and translated to JPEG,image/jpeg,atlas/L013/web.jpg,
L013_bounds,L013/bounds.geojson,Bounding box of the scan,application/geo+json,atlas/L013/bounds.geojson,
L014_s,L014/original.jpg,Scanned Atlas leaf L014 from ECAI,image/jpeg,atlas/L014/original.jpg,
L014_l,L014/legend.jpg,Scanned Atlas leaf L014 reverse side from ECAI,image/jpeg,atlas/L014/legend.jpg,
L014_b,L014/back.jpg,Scanned Atlas leaf L014 legend from ECAI,image/jpeg,atlas/L014/back.jpg,
L014_points,L014/original.jpg.points,Ground control points used to geo-reference the scan of L014 with QGIS,text/plain,atlas/L014/original.jpg.points,
L014_mapped_area,L014/mapped_area.geojson,Geo-referenced area of the scan.,application/geo+json,atlas/L014/mapped_area.geojson,
L014_geotiff,L014/epsg4326.tif,Geo-referenced scan of {} as GeoTIFF for EPSG:4326 - WGS 84,image/tiff,atlas/L014/epsg4326.tif,
L014_web,L014/web.jpg,GeoTIFF re-projected to web mercator and translated to JPEG,image/jpeg,atlas/L014/web.jpg,
L014_bounds,L014/bounds.geojson,Bounding box of the scan,application/geo+json,atlas/L014/bounds.geojson,
L015_s,L015/original.jpg,Scanned Atlas leaf L015 from ECAI,image/jpeg,atlas/L015/original.jpg,
L015_l,L015/legend.jpg,Scanned Atlas leaf L015 reverse side from ECAI,image/jpeg,atlas/L015/legend.jpg,
L015_b,L015/back.jpg,Scanned Atlas leaf L015 legend from ECAI,image/jpeg,atlas/L015/back.jpg,
L015_points,L015/original.jpg.points,Ground control points used to geo-reference the scan of L015 with QGIS,text/plain,atlas/L015/original.jpg.points,
L015_mapped_area,L015/mapped_area.geojson,Geo-referenced area of the scan.,application/geo+json,atlas/L015/mapped_area.geojson,
L015_geotiff,L015/epsg4326.tif,Geo-referenced scan of {} as GeoTIFF for EPSG:4326 - WGS 84,image/tiff,atlas/L015/epsg4326.tif,
L015_web,L015/web.jpg,GeoTIFF re-projected to web mercator and translated to JPEG,image/jpeg,atlas/L015/web.jpg,
L015_bounds,L015/bounds.geojson,Bounding box of the scan,application/geo+json,atlas/L015/bounds.geojson,
L016a_s,L016a/original.jpg,Scanned Atlas leaf L016a from ECAI,image/jpeg,atlas/L016a/original.jpg,
L016a_l,L016a/legend.jpg,Scanned Atlas leaf L016a reverse side from ECAI,image/jpeg,atlas/L016a/legend.jpg,
L016a_b,L016a/back.jpg,Scanned Atlas leaf L016a legend from ECAI,image/jpeg,atlas/L016a/back.jpg,
L016a_points,L016a/original.jpg.points,Ground control points used to geo-reference the scan of L016a with QGIS,text/plain,atlas/L016a/original.jpg.points,
L016a_mapped_area,L016a/mapped_area.geojson,Geo-referenced area of the scan.,application/geo+json,atlas/L016a/mapped_area.geojson,
L016a_geotiff,L016a/epsg4326.tif,Geo-referenced scan of {} as GeoTIFF for EPSG:4326 - WGS 84,image/tiff,atlas/L016a/epsg4326.tif,
L016a_web,L016a/web.jpg,GeoTIFF re-projected to web mercator and translated to JPEG,image/jpeg,atlas/L016a/web.jpg,
L016a_bounds,L016a/bounds.geojson,Bounding box of the scan,application/geo+json,atlas/L016a/bounds.geojson,
L016b_s,L016b/original.jpg,Scanned Atlas leaf L016b from ECAI,image/jpeg,atlas/L016b/original.jpg,
L016b_l,L016b/legend.jpg,Scanned Atlas leaf L016b reverse side from ECAI,image/jpeg,atlas/L016b/legend.jpg,
L016b_b,L016b/back.jpg,Scanned Atlas leaf L016b legend from ECAI,image/jpeg,atlas/L016b/back.jpg,
L016b_points,L016b/original.jpg.points,Ground control points used to geo-reference the scan of L016b with QGIS,text/plain,atlas/L016b/original.jpg.points,
L016b_mapped_area,L016b/mapped_area.geojson,Geo-referenced area of the scan.,application/geo+json,atlas/L016b/mapped_area.geojson,
L016b_geotiff,L016b/epsg4326.tif,Geo-referenced scan of {} as GeoTIFF for EPSG:4326 - WGS 84,image/tiff,atlas/L016b/epsg4326.tif,
L016b_web,L016b/web.jpg,GeoTIFF re-projected to web mercator and translated to JPEG,image/jpeg,atlas/L016b/web.jpg,
L016b_bounds,L016b/bounds.geojson,Bounding box of the scan,application/geo+json,atlas/L016b/bounds.geojson,
L017_s,L017/original.jpg,Scanned Atlas leaf L017 from ECAI,image/jpeg,atlas/L017/original.jpg,
L017_l,L017/legend.jpg,Scanned Atlas leaf L017 reverse side from ECAI,image/jpeg,atlas/L017/legend.jpg,
L017_b,L017/back.jpg,Scanned Atlas leaf L017 legend from ECAI,image/jpeg,atlas/L017/back.jpg,
L017_points,L017/original.jpg.points,Ground control points used to geo-reference the scan of L017 with QGIS,text/plain,atlas/L017/original.jpg.points,
L017_mapped_area,L017/mapped_area.geojson,Geo-referenced area of the scan.,application/geo+json,atlas/L017/mapped_area.geojson,
L017_geotiff,L017/epsg4326.tif,Geo-referenced scan of {} as GeoTIFF for EPSG:4326 - WGS 84,image/tiff,atlas/L017/epsg4326.tif,
L017_web,L017/web.jpg,GeoTIFF re-projected to web mercator and translated to JPEG,image/jpeg,atlas/L017/web.jpg,
L017_bounds,L017/bounds.geojson,Bounding box of the scan,application/geo+json,atlas/L017/bounds.geojson,
L018_s,L018/original.jpg,Scanned Atlas leaf L018 from ECAI,image/jpeg,atlas/L018/original.jpg,
L018_l,L018/legend.jpg,Scanned Atlas leaf L018 reverse side from ECAI,image/jpeg,atlas/L018/legend.jpg,
L018_b,L018/back.jpg,Scanned Atlas leaf L018 legend from ECAI,image/jpeg,atlas/L018/back.jpg,
L018_points,L018/original.jpg.points,Ground control points used to geo-reference the scan of L018 with QGIS,text/plain,atlas/L018/original.jpg.points,
L018_mapped_area,L018/mapped_area.geojson,Geo-referenced area of the scan.,application/geo+json,atlas/L018/mapped_area.geojson,
L018_geotiff,L018/epsg4326.tif,Geo-referenced scan of {} as GeoTIFF for EPSG:4326 - WGS 84,image/tiff,atlas/L018/epsg4326.tif,
L018_web,L018/web.jpg,GeoTIFF re-projected to web mercator and translated to JPEG,image/jpeg,atlas/L018/web.jpg,
L018_bounds,L018/bounds.geojson,Bounding box of the scan,application/geo+json,atlas/L018/bounds.geojson,
L019a_s,L019a/original.jpg,Scanned Atlas leaf L019a from ECAI,image/jpeg,atlas/L019a/original.jpg,
L019a_l,L019a/legend.jpg,Scanned Atlas leaf L019a reverse side from ECAI,image/jpeg,atlas/L019a/legend.jpg,
L019a_b,L019a/back.jpg,Scanned Atlas leaf L019a legend from ECAI,image/jpeg,atlas/L019a/back.jpg,
L019a_points,L019a/original.jpg.points,Ground control points used to geo-reference the scan of L019a with QGIS,text/plain,atlas/L019a/original.jpg.points,
L019a_mapped_area,L019a/mapped_area.geojson,Geo-referenced area of the scan.,application/geo+json,atlas/L019a/mapped_area.geojson,
L019a_geotiff,L019a/epsg4326.tif,Geo-referenced scan of {} as GeoTIFF for EPSG:4326 - WGS 84,image/tiff,atlas/L019a/epsg4326.tif,
L019a_web,L019a/web.jpg,GeoTIFF re-projected to web mercator and translated to JPEG,image/jpeg,atlas/L019a/web.jpg,
L019a_bounds,L019a/bounds.geojson,Bounding box of the scan,application/geo+json,atlas/L019a/bounds.geojson,
L019b_s,L019b/original.jpg,Scanned Atlas leaf L019b from ECAI,image/jpeg,atlas/L019b/original.jpg,
L019b_l,L019b/legend.jpg,Scanned Atlas leaf L019b reverse side from ECAI,image/jpeg,atlas/L019b/legend.jpg,
L019b_b,L019b/back.jpg,Scanned Atlas leaf L019b legend from ECAI,image/jpeg,atlas/L019b/back.jpg,
L019b_points,L019b/original.jpg.points,Ground control points used to geo-reference the scan of L019b with QGIS,text/plain,atlas/L019b/original.jpg.points,
L019b_mapped_area,L019b/mapped_area.geojson,Geo-referenced area of the scan.,application/geo+json,atlas/L019b/mapped_area.geojson,
L019b_geotiff,L019b/epsg4326.tif,Geo-referenced scan of {} as GeoTIFF for EPSG:4326 - WGS 84,image/tiff,atlas/L019b/epsg4326.tif,
L019b_web,L019b/web.jpg,GeoTIFF re-projected to web mercator and translated to JPEG,image/jpeg,atlas/L019b/web.jpg,
L019b_bounds,L019b/bounds.geojson,Bounding box of the scan,application/geo+json,atlas/L019b/bounds.geojson,
L020_s,L020/original.jpg,Scanned Atlas leaf L020 from ECAI,image/jpeg,atlas/L020/original.jpg,
L020_l,L020/legend.jpg,Scanned Atlas leaf L020 reverse side from ECAI,image/jpeg,atlas/L020/legend.jpg,
L020_b,L020/back.jpg,Scanned Atlas leaf L020 legend from ECAI,image/jpeg,atlas/L020/back.jpg,
L020_points,L020/original.jpg.points,Ground control points used to geo-reference the scan of L020 with QGIS,text/plain,atlas/L020/original.jpg.points,
L020_mapped_area,L020/mapped_area.geojson,Geo-referenced area of the scan.,application/geo+json,atlas/L020/mapped_area.geojson,
L020_geotiff,L020/epsg4326.tif,Geo-referenced scan of {} as GeoTIFF for EPSG:4326 - WGS 84,image/tiff,atlas/L020/epsg4326.tif,
L020_web,L020/web.jpg,GeoTIFF re-projected to web mercator and translated to JPEG,image/jpeg,atlas/L020/web.jpg,
L020_bounds,L020/bounds.geojson,Bounding box of the scan,application/geo+json,atlas/L020/bounds.geojson,
L021_s,L021/original.jpg,Scanned Atlas leaf L021 from ECAI,image/jpeg,atlas/L021/original.jpg,
L021_l,L021/legend.jpg,Scanned Atlas leaf L021 reverse side from ECAI,image/jpeg,atlas/L021/legend.jpg,
L021_b,L021/back.jpg,Scanned Atlas leaf L021 legend from ECAI,image/jpeg,atlas/L021/back.jpg,
L021_points,L021/original.jpg.points,Ground control points used to geo-reference the scan of L021 with QGIS,text/plain,atlas/L021/original.jpg.points,
L021_mapped_area,L021/mapped_area.geojson,Geo-referenced area of the scan.,application/geo+json,atlas/L021/mapped_area.geojson,
L021_geotiff,L021/epsg4326.tif,Geo-referenced scan of {} as GeoTIFF for EPSG:4326 - WGS 84,image/tiff,atlas/L021/epsg4326.tif,
L021_web,L021/web.jpg,GeoTIFF re-projected to web mercator and translated to JPEG,image/jpeg,atlas/L021/web.jpg,
L021_bounds,L021/bounds.geojson,Bounding box of the scan,application/geo+json,atlas/L021/bounds.geojson,
L022_s,L022/original.jpg,Scanned Atlas leaf L022 from ECAI,image/jpeg,atlas/L022/original.jpg,
L022_l,L022/legend.jpg,Scanned Atlas leaf L022 reverse side from ECAI,image/jpeg,atlas/L022/legend.jpg,
L022_b,L022/back.jpg,Scanned Atlas leaf L022 legend from ECAI,image/jpeg,atlas/L022/back.jpg,
L022_points,L022/original.jpg.points,Ground control points used to geo-reference the scan of L022 with QGIS,text/plain,atlas/L022/original.jpg.points,
L022_mapped_area,L022/mapped_area.geojson,Geo-referenced area of the scan.,application/geo+json,atlas/L022/mapped_area.geojson,
L022_geotiff,L022/epsg4326.tif,Geo-referenced scan of {} as GeoTIFF for EPSG:4326 - WGS 84,image/tiff,atlas/L022/epsg4326.tif,
L022_web,L022/web.jpg,GeoTIFF re-projected to web mercator and translated to JPEG,image/jpeg,atlas/L022/web.jpg,
L022_bounds,L022/bounds.geojson,Bounding box of the scan,application/geo+json,atlas/L022/bounds.geojson,
L023_s,L023/original.jpg,Scanned Atlas leaf L023 from ECAI,image/jpeg,atlas/L023/original.jpg,
L023_l,L023/legend.jpg,Scanned Atlas leaf L023 reverse side from ECAI,image/jpeg,atlas/L023/legend.jpg,
L023_b,L023/back.jpg,Scanned Atlas leaf L023 legend from ECAI,image/jpeg,atlas/L023/back.jpg,
L023_points,L023/original.jpg.points,Ground control points used to geo-reference the scan of L023 with QGIS,text/plain,atlas/L023/original.jpg.points,
L023_mapped_area,L023/mapped_area.geojson,Geo-referenced area of the scan.,application/geo+json,atlas/L023/mapped_area.geojson,
L023_geotiff,L023/epsg4326.tif,Geo-referenced scan of {} as GeoTIFF for EPSG:4326 - WGS 84,image/tiff,atlas/L023/epsg4326.tif,
L023_web,L023/web.jpg,GeoTIFF re-projected to web mercator and translated to JPEG,image/jpeg,atlas/L023/web.jpg,
L023_bounds,L023/bounds.geojson,Bounding box of the scan,application/geo+json,atlas/L023/bounds.geojson,
L030_s,L030/original.jpg,Scanned Atlas leaf L030 from ECAI,image/jpeg,atlas/L030/original.jpg,
L030_l,L030/legend.jpg,Scanned Atlas leaf L030 reverse side from ECAI,image/jpeg,atlas/L030/legend.jpg,
L030_b,L030/back.jpg,Scanned Atlas leaf L030 legend from ECAI,image/jpeg,atlas/L030/back.jpg,
L030_points,L030/original.jpg.points,Ground control points used to geo-reference the scan of L030 with QGIS,text/plain,atlas/L030/original.jpg.points,
L030_mapped_area,L030/mapped_area.geojson,Geo-referenced area of the scan.,application/geo+json,atlas/L030/mapped_area.geojson,
L030_geotiff,L030/epsg4326.tif,Geo-referenced scan of {} as GeoTIFF for EPSG:4326 - WGS 84,image/tiff,atlas/L030/epsg4326.tif,
L030_web,L030/web.jpg,GeoTIFF re-projected to web mercator and translated to JPEG,image/jpeg,atlas/L030/web.jpg,
L030_bounds,L030/bounds.geojson,Bounding box of the scan,application/geo+json,atlas/L030/bounds.geojson,
L031_s,L031/original.jpg,Scanned Atlas leaf L031 from ECAI,image/jpeg,atlas/L031/original.jpg,
L031_l,L031/legend.jpg,Scanned Atlas leaf L031 reverse side from ECAI,image/jpeg,atlas/L031/legend.jpg,
L031_b,L031/back.jpg,Scanned Atlas leaf L031 legend from ECAI,image/jpeg,atlas/L031/back.jpg,
L031_points,L031/original.jpg.points,Ground control points used to geo-reference the scan of L031 with QGIS,text/plain,atlas/L031/original.jpg.points,
L031_mapped_area,L031/mapped_area.geojson,Geo-referenced area of the scan.,application/geo+json,atlas/L031/mapped_area.geojson,
L031_geotiff,L031/epsg4326.tif,Geo-referenced scan of {} as GeoTIFF for EPSG:4326 - WGS 84,image/tiff,atlas/L031/epsg4326.tif,
L031_web,L031/web.jpg,GeoTIFF re-projected to web mercator and translated to JPEG,image/jpeg,atlas/L031/web.jpg,
L031_bounds,L031/bounds.geojson,Bounding box of the scan,application/geo+json,atlas/L031/bounds.geojson,
L032_s,L032/original.jpg,Scanned Atlas leaf L032 from ECAI,image/jpeg,atlas/L032/original.jpg,
L032_l,L032/legend.jpg,Scanned Atlas leaf L032 reverse side from ECAI,image/jpeg,atlas/L032/legend.jpg,
L032_b,L032/back.jpg,Scanned Atlas leaf L032 legend from ECAI,image/jpeg,atlas/L032/back.jpg,
L032_points,L032/original.jpg.points,Ground control points used to geo-reference the scan of L032 with QGIS,text/plain,atlas/L032/original.jpg.points,
L032_mapped_area,L032/mapped_area.geojson,Geo-referenced area of the scan.,application/geo+json,atlas/L032/mapped_area.geojson,
L032_geotiff,L032/epsg4326.tif,Geo-referenced scan of {} as GeoTIFF for EPSG:4326 - WGS 84,image/tiff,atlas/L032/epsg4326.tif,
L032_web,L032/web.jpg,GeoTIFF re-projected to web mercator and translated to JPEG,image/jpeg,atlas/L032/web.jpg,
L032_bounds,L032/bounds.geojson,Bounding box of the scan,application/geo+json,atlas/L032/bounds.geojson,
L033_s,L033/original.jpg,Scanned Atlas leaf L033 from ECAI,image/jpeg,atlas/L033/original.jpg,
L033_l,L033/legend.jpg,Scanned Atlas leaf L033 reverse side from ECAI,image/jpeg,atlas/L033/legend.jpg,
L033_b,L033/back.jpg,Scanned Atlas leaf L033 legend from ECAI,image/jpeg,atlas/L033/back.jpg,
L033_points,L033/original.jpg.points,Ground control points used to geo-reference the scan of L033 with QGIS,text/plain,atlas/L033/original.jpg.points,
L033_mapped_area,L033/mapped_area.geojson,Geo-referenced area of the scan.,application/geo+json,atlas/L033/mapped_area.geojson,
L033_geotiff,L033/epsg4326.tif,Geo-referenced scan of {} as GeoTIFF for EPSG:4326 - WGS 84,image/tiff,atlas/L033/epsg4326.tif,
L033_web,L033/web.jpg,GeoTIFF re-projected to web mercator and translated to JPEG,image/jpeg,atlas/L033/web.jpg,
L033_bounds,L033/bounds.geojson,Bounding box of the scan,application/geo+json,atlas/L033/bounds.geojson,
L034_s,L034/original.jpg,Scanned Atlas leaf L034 from ECAI,image/jpeg,atlas/L034/original.jpg,
L034_l,L034/legend.jpg,Scanned Atlas leaf L034 reverse side from ECAI,image/jpeg,atlas/L034/legend.jpg,
L034_b,L034/back.jpg,Scanned Atlas leaf L034 legend from ECAI,image/jpeg,atlas/L034/back.jpg,
L034_points,L034/original.jpg.points,Ground control points used to geo-reference the scan of L034 with QGIS,text/plain,atlas/L034/original.jpg.points,
L034_mapped_area,L034/mapped_area.geojson,Geo-referenced area of the scan.,application/geo+json,atlas/L034/mapped_area.geojson,
L034_geotiff,L034/epsg4326.tif,Geo-referenced scan of {} as GeoTIFF for EPSG:4326 - WGS 84,image/tiff,atlas/L034/epsg4326.tif,
L034_web,L034/web.jpg,GeoTIFF re-projected to web mercator and translated to JPEG,image/jpeg,atlas/L034/web.jpg,
L034_bounds,L034/bounds.geojson,Bounding box of the scan,application/geo+json,atlas/L034/bounds.geojson,
L035_s,L035/original.jpg,Scanned Atlas leaf L035 from ECAI,image/jpeg,atlas/L035/original.jpg,
L035_l,L035/legend.jpg,Scanned Atlas leaf L035 reverse side from ECAI,image/jpeg,atlas/L035/legend.jpg,
L035_b,L035/back.jpg,Scanned Atlas leaf L035 legend from ECAI,image/jpeg,atlas/L035/back.jpg,
L035_points,L035/original.jpg.points,Ground control points used to geo-reference the scan of L035 with QGIS,text/plain,atlas/L035/original.jpg.points,
L035_mapped_area,L035/mapped_area.geojson,Geo-referenced area of the scan.,application/geo+json,atlas/L035/mapped_area.geojson,
L035_geotiff,L035/epsg4326.tif,Geo-referenced scan of {} as GeoTIFF for EPSG:4326 - WGS 84,image/tiff,atlas/L035/epsg4326.tif,
L035_web,L035/web.jpg,GeoTIFF re-projected to web mercator and translated to JPEG,image/jpeg,atlas/L035/web.jpg,
L035_bounds,L035/bounds.geojson,Bounding box of the scan,application/geo+json,atlas/L035/bounds.geojson,
L036_s,L036/original.jpg,Scanned Atlas leaf L036 from ECAI,image/jpeg,atlas/L036/original.jpg,
L036_l,L036/legend.jpg,Scanned Atlas leaf L036 reverse side from ECAI,image/jpeg,atlas/L036/legend.jpg,
L036_b,L036/back.jpg,Scanned Atlas leaf L036 legend from ECAI,image/jpeg,atlas/L036/back.jpg,
L036_points,L036/original.jpg.points,Ground control points used to geo-reference the scan of L036 with QGIS,text/plain,atlas/L036/original.jpg.points,
L036_mapped_area,L036/mapped_area.geojson,Geo-referenced area of the scan.,application/geo+json,atlas/L036/mapped_area.geojson,
L036_geotiff,L036/epsg4326.tif,Geo-referenced scan of {} as GeoTIFF for EPSG:4326 - WGS 84,image/tiff,atlas/L036/epsg4326.tif,
L036_web,L036/web.jpg,GeoTIFF re-projected to web mercator and translated to JPEG,image/jpeg,atlas/L036/web.jpg,
L036_bounds,L036/bounds.geojson,Bounding box of the scan,application/geo+json,atlas/L036/bounds.geojson,
L037_s,L037/original.jpg,Scanned Atlas leaf L037 from ECAI,image/jpeg,atlas/L037/original.jpg,
L037_l,L037/legend.jpg,Scanned Atlas leaf L037 reverse side from ECAI,image/jpeg,atlas/L037/legend.jpg,
L037_b,L037/back.jpg,Scanned Atlas leaf L037 legend from ECAI,image/jpeg,atlas/L037/back.jpg,
L037_points,L037/original.jpg.points,Ground control points used to geo-reference the scan of L037 with QGIS,text/plain,atlas/L037/original.jpg.points,
L037_mapped_area,L037/mapped_area.geojson,Geo-referenced area of the scan.,application/geo+json,atlas/L037/mapped_area.geojson,
L037_geotiff,L037/epsg4326.tif,Geo-referenced scan of {} as GeoTIFF for EPSG:4326 - WGS 84,image/tiff,atlas/L037/epsg4326.tif,
L037_web,L037/web.jpg,GeoTIFF re-projected to web mercator and translated to JPEG,image/jpeg,atlas/L037/web.jpg,
L037_bounds,L037/bounds.geojson,Bounding box of the scan,application/geo+json,atlas/L037/bounds.geojson,
L038_s,L038/original.jpg,Scanned Atlas leaf L038 from ECAI,image/jpeg,atlas/L038/original.jpg,
L038_l,L038/legend.jpg,Scanned Atlas leaf L038 reverse side from ECAI,image/jpeg,atlas/L038/legend.jpg,
L038_b,L038/back.jpg,Scanned Atlas leaf L038 legend from ECAI,image/jpeg,atlas/L038/back.jpg,
L038_points,L038/original.jpg.points,Ground control points used to geo-reference the scan of L038 with QGIS,text/plain,atlas/L038/original.jpg.points,
L038_mapped_area,L038/mapped_area.geojson,Geo-referenced area of the scan.,application/geo+json,atlas/L038/mapped_area.geojson,
L038_geotiff,L038/epsg4326.tif,Geo-referenced scan of {} as GeoTIFF for EPSG:4326 - WGS 84,image/tiff,atlas/L038/epsg4326.tif,
L038_web,L038/web.jpg,GeoTIFF re-projected to web mercator and translated to JPEG,image/jpeg,atlas/L038/web.jpg,
L038_bounds,L038/bounds.geojson,Bounding box of the scan,application/geo+json,atlas/L038/bounds.geojson,
L039_s,L039/original.jpg,Scanned Atlas leaf L039 from ECAI,image/jpeg,atlas/L039/original.jpg,
L039_l,L039/legend.jpg,Scanned Atlas leaf L039 reverse side from ECAI,image/jpeg,atlas/L039/legend.jpg,
L039_b,L039/back.jpg,Scanned Atlas leaf L039 legend from ECAI,image/jpeg,atlas/L039/back.jpg,
L039_points,L039/original.jpg.points,Ground control points used to geo-reference the scan of L039 with QGIS,text/plain,atlas/L039/original.jpg.points,
L039_mapped_area,L039/mapped_area.geojson,Geo-referenced area of the scan.,application/geo+json,atlas/L039/mapped_area.geojson,
L039_geotiff,L039/epsg4326.tif,Geo-referenced scan of {} as GeoTIFF for EPSG:4326 - WGS 84,image/tiff,atlas/L039/epsg4326.tif,
L039_web,L039/web.jpg,GeoTIFF re-projected to web mercator and translated to JPEG,image/jpeg,atlas/L039/web.jpg,
L039_bounds,L039/bounds.geojson,Bounding box of the scan,application/geo+json,atlas/L039/bounds.geojson,
L040a_s,L040a/original.jpg,Scanned Atlas leaf L040a from ECAI,image/jpeg,atlas/L040a/original.jpg,
L040a_l,L040a/legend.jpg,Scanned Atlas leaf L040a reverse side from ECAI,image/jpeg,atlas/L040a/legend.jpg,
L040a_b,L040a/back.jpg,Scanned Atlas leaf L040a legend from ECAI,image/jpeg,atlas/L040a/back.jpg,
L040a_points,L040a/original.jpg.points,Ground control points used to geo-reference the scan of L040a with QGIS,text/plain,atlas/L040a/original.jpg.points,
L040a_mapped_area,L040a/mapped_area.geojson,Geo-referenced area of the scan.,application/geo+json,atlas/L040a/mapped_area.geojson,
L040a_geotiff,L040a/epsg4326.tif,Geo-referenced scan of {} as GeoTIFF for EPSG:4326 - WGS 84,image/tiff,atlas/L040a/epsg4326.tif,
L040a_web,L040a/web.jpg,GeoTIFF re-projected to web mercator and translated to JPEG,image/jpeg,atlas/L040a/web.jpg,
L040a_bounds,L040a/bounds.geojson,Bounding box of the scan,application/geo+json,atlas/L040a/bounds.geojson,
L040b_s,L040b/original.jpg,Scanned Atlas leaf L040b from ECAI,image/jpeg,atlas/L040b/original.jpg,
L040b_l,L040b/legend.jpg,Scanned Atlas leaf L040b reverse side from ECAI,image/jpeg,atlas/L040b/legend.jpg,
L040b_b,L040b/back.jpg,Scanned Atlas leaf L040b legend from ECAI,image/jpeg,atlas/L040b/back.jpg,
L040b_points,L040b/original.jpg.points,Ground control points used to geo-reference the scan of L040b with QGIS,text/plain,atlas/L040b/original.jpg.points,
L040b_mapped_area,L040b/mapped_area.geojson,Geo-referenced area of the scan.,application/geo+json,atlas/L040b/mapped_area.geojson,
L040b_geotiff,L040b/epsg4326.tif,Geo-referenced scan of {} as GeoTIFF for EPSG:4326 - WGS 84,image/tiff,atlas/L040b/epsg4326.tif,
L040b_web,L040b/web.jpg,GeoTIFF re-projected to web mercator and translated to JPEG,image/jpeg,atlas/L040b/web.jpg,
L040b_bounds,L040b/bounds.geojson,Bounding box of the scan,application/geo+json,atlas/L040b/bounds.geojson,
L041_s,L041/original.jpg,Scanned Atlas leaf L041 from ECAI,image/jpeg,atlas/L041/original.jpg,
L041_l,L041/legend.jpg,Scanned Atlas leaf L041 reverse side from ECAI,image/jpeg,atlas/L041/legend.jpg,
L041_b,L041/back.jpg,Scanned Atlas leaf L041 legend from ECAI,image/jpeg,atlas/L041/back.jpg,
L041_points,L041/original.jpg.points,Ground control points used to geo-reference the scan of L041 with QGIS,text/plain,atlas/L041/original.jpg.points,
L041_mapped_area,L041/mapped_area.geojson,Geo-referenced area of the scan.,application/geo+json,atlas/L041/mapped_area.geojson,
L041_geotiff,L041/epsg4326.tif,Geo-referenced scan of {} as GeoTIFF for EPSG:4326 - WGS 84,image/tiff,atlas/L041/epsg4326.tif,
L041_web,L041/web.jpg,GeoTIFF re-projected to web mercator and translated to JPEG,image/jpeg,atlas/L041/web.jpg,
L041_bounds,L041/bounds.geojson,Bounding box of the scan,application/geo+json,atlas/L041/bounds.geojson,
L042_s,L042/original.jpg,Scanned Atlas leaf L042 from ECAI,image/jpeg,atlas/L042/original.jpg,
L042_l,L042/legend.jpg,Scanned Atlas leaf L042 reverse side from ECAI,image/jpeg,atlas/L042/legend.jpg,
L042_b,L042/back.jpg,Scanned Atlas leaf L042 legend from ECAI,image/jpeg,atlas/L042/back.jpg,
L042_points,L042/original.jpg.points,Ground control points used to geo-reference the scan of L042 with QGIS,text/plain,atlas/L042/original.jpg.points,
L042_mapped_area,L042/mapped_area.geojson,Geo-referenced area of the scan.,application/geo+json,atlas/L042/mapped_area.geojson,
L042_geotiff,L042/epsg4326.tif,Geo-referenced scan of {} as GeoTIFF for EPSG:4326 - WGS 84,image/tiff,atlas/L042/epsg4326.tif,
L042_web,L042/web.jpg,GeoTIFF re-projected to web mercator and translated to JPEG,image/jpeg,atlas/L042/web.jpg,
L042_bounds,L042/bounds.geojson,Bounding box of the scan,application/geo+json,atlas/L042/bounds.geojson,
L043_s,L043/original.jpg,Scanned Atlas leaf L043 from ECAI,image/jpeg,atlas/L043/original.jpg,
L043_l,L043/legend.jpg,Scanned Atlas leaf L043 reverse side from ECAI,image/jpeg,atlas/L043/legend.jpg,
L043_b,L043/back.jpg,Scanned Atlas leaf L043 legend from ECAI,image/jpeg,atlas/L043/back.jpg,
L043_points,L043/original.jpg.points,Ground control points used to geo-reference the scan of L043 with QGIS,text/plain,atlas/L043/original.jpg.points,
L043_mapped_area,L043/mapped_area.geojson,Geo-referenced area of the scan.,application/geo+json,atlas/L043/mapped_area.geojson,
L043_geotiff,L043/epsg4326.tif,Geo-referenced scan of {} as GeoTIFF for EPSG:4326 - WGS 84,image/tiff,atlas/L043/epsg4326.tif,
L043_web,L043/web.jpg,GeoTIFF re-projected to web mercator and translated to JPEG,image/jpeg,atlas/L043/web.jpg,
L043_bounds,L043/bounds.geojson,Bounding box of the scan,application/geo+json,atlas/L043/bounds.geojson,
L044_s,L044/original.jpg,Scanned Atlas leaf L044 from ECAI,image/jpeg,atlas/L044/original.jpg,
L044_l,L044/legend.jpg,Scanned Atlas leaf L044 reverse side from ECAI,image/jpeg,atlas/L044/legend.jpg,
L044_b,L044/back.jpg,Scanned Atlas leaf L044 legend from ECAI,image/jpeg,atlas/L044/back.jpg,
L044_points,L044/original.jpg.points,Ground control points used to geo-reference the scan of L044 with QGIS,text/plain,atlas/L044/original.jpg.points,
L044_mapped_area,L044/mapped_area.geojson,Geo-referenced area of the scan.,application/geo+json,atlas/L044/mapped_area.geojson,
L044_geotiff,L044/epsg4326.tif,Geo-referenced scan of {} as GeoTIFF for EPSG:4326 - WGS 84,image/tiff,atlas/L044/epsg4326.tif,
L044_web,L044/web.jpg,GeoTIFF re-projected to web mercator and translated to JPEG,image/jpeg,atlas/L044/web.jpg,
L044_bounds,L044/bounds.geojson,Bounding box of the scan,application/geo+json,atlas/L044/bounds.geojson,
L045a_s,L045a/original.jpg,Scanned Atlas leaf L045a from ECAI,image/jpeg,atlas/L045a/original.jpg,
L045a_l,L045a/legend.jpg,Scanned Atlas leaf L045a reverse side from ECAI,image/jpeg,atlas/L045a/legend.jpg,
L045a_b,L045a/back.jpg,Scanned Atlas leaf L045a legend from ECAI,image/jpeg,atlas/L045a/back.jpg,
L045a_points,L045a/original.jpg.points,Ground control points used to geo-reference the scan of L045a with QGIS,text/plain,atlas/L045a/original.jpg.points,
L045a_mapped_area,L045a/mapped_area.geojson,Geo-referenced area of the scan.,application/geo+json,atlas/L045a/mapped_area.geojson,
L045a_geotiff,L045a/epsg4326.tif,Geo-referenced scan of {} as GeoTIFF for EPSG:4326 - WGS 84,image/tiff,atlas/L045a/epsg4326.tif,
L045a_web,L045a/web.jpg,GeoTIFF re-projected to web mercator and translated to JPEG,image/jpeg,atlas/L045a/web.jpg,
L045a_bounds,L045a/bounds.geojson,Bounding box of the scan,application/geo+json,atlas/L045a/bounds.geojson,
L045b_s,L045b/original.jpg,Scanned Atlas leaf L045b from ECAI,image/jpeg,atlas/L045b/original.jpg,
L045b_l,L045b/legend.jpg,Scanned Atlas leaf L045b reverse side from ECAI,image/jpeg,atlas/L045b/legend.jpg,
L045b_b,L045b/back.jpg,Scanned Atlas leaf L045b legend from ECAI,image/jpeg,atlas/L045b/back.jpg,
L045b_points,L045b/original.jpg.points,Ground control points used to geo-reference the scan of L045b with QGIS,text/plain,atlas/L045b/original.jpg.points,
L045b_mapped_area,L045b/mapped_area.geojson,Geo-referenced area of the scan.,application/geo+json,atlas/L045b/mapped_area.geojson,
L045b_geotiff,L045b/epsg4326.tif,Geo-referenced scan of {} as GeoTIFF for EPSG:4326 - WGS 84,image/tiff,atlas/L045b/epsg4326.tif,
L045b_web,L045b/web.jpg,GeoTIFF re-projected to web mercator and translated to JPEG,image/jpeg,atlas/L045b/web.jpg,
L045b_bounds,L045b/bounds.geojson,Bounding box of the scan,application/geo+json,atlas/L045b/bounds.geojson,
L024_s,L024/original.jpg,Scanned Atlas leaf L024 from ECAI,image/jpeg,atlas/L024/original.jpg,
L024_l,L024/legend.jpg,Scanned Atlas leaf L024 reverse side from ECAI,image/jpeg,atlas/L024/legend.jpg,
L046_s,L046/original.jpg,Scanned Atlas leaf L046 from ECAI,image/jpeg,atlas/L046/original.jpg,
L046_l,L046/legend.jpg,Scanned Atlas leaf L046 reverse side from ECAI,image/jpeg,atlas/L046/legend.jpg,
L046_b,L046/back.jpg,Scanned Atlas leaf L046 legend from ECAI,image/jpeg,atlas/L046/back.jpg,
L047_s,L047/original.jpg,Scanned Atlas leaf L047 from ECAI,image/jpeg,atlas/L047/original.jpg,
L047_l,L047/legend.jpg,Scanned Atlas leaf L047 reverse side from ECAI,image/jpeg,atlas/L047/legend.jpg,
L047_b,L047/back.jpg,Scanned Atlas leaf L047 legend from ECAI,image/jpeg,atlas/L047/back.jpg,
languages,Speaker areas for languages,"Speaker areas aggregated for Glottolog language-level languoids, color-coded by family.",application/geo+json,languages.geojson,
families,Speaker areas for families,"Speaker areas aggregated for Glottolog family-level languoids, color-coded by family.",application/geo+json,families.geojson,
ecai,Speaker areas for families,Shapes from ECAI with normalized metadata and aggregated by matching metadata,application/geo+json,ecai.geojson,
